Help	0.000	0.000
Panther	1.920	2.946
Hang	3.973	5.000
on	6.026	7.053
Oh	8.080	8.480
this	8.480	8.640
is	8.640	8.720
gonna	8.720	8.880
be	8.880	9.040
good	9.040	9.360
I	9.760	9.840
wish	9.840	10.000
I	10.000	10.080
had	10.080	10.160
some	10.160	10.240
popcorn	10.240	10.720
Hey	10.960	11.920
Intruder	13.920	14.400
intruder	14.720	14.720
lockdown	15.600	16.160
initiated	16.160	16.640
Wendy	16.880	17.120
Target	17.360	17.600
lock	17.600	17.600
intercept	18.960	18.960
intruder	18.960	22.400
What's	22.400	22.400
this	22.400	22.400
I	22.400	22.400
don't	22.400	22.400
know	22.400	22.400
Check	22.400	22.400
it	22.400	22.400
out	22.400	22.400
Come	22.400	22.400
on	22.400	22.400
who	22.400	22.400
hit	22.400	22.400
me	22.400	22.400
Halt	22.400	22.400
intruder	22.400	22.400
Halt	22.400	22.400
intruder	22.400	22.400
Surrender	22.491	22.582
now	22.674	22.765
or	22.857	22.948
be	23.040	23.040
subdued	39.200	39.533
Wait	39.866	40.200
I	40.533	40.866
recognize	41.200	41.760
that	41.760	41.920
dimwit's	41.920	42.240
snarl	42.320	42.800
Panther	42.880	43.280
you're	43.600	43.760
no	43.760	44.000
intruder	44.000	44.480
but	44.720	44.800
you're	44.880	44.960
not	44.960	45.120
supposed	45.120	45.520
to	45.520	45.600
be	45.600	45.600
out	45.600	45.760
of	45.760	45.840
your	45.920	46.000
Oh	46.080	46.240
no	49.520	49.520
Wait	49.920	49.920
Robo	49.920	49.920
Dodge	49.920	50.400
Now	50.400	50.560
listen	50.640	50.960
here	50.960	51.120
Uh	51.600	51.920
oh	51.920	51.920
Robo	54.240	54.240
block	54.240	54.400
Robo	54.400	54.400
headbox	54.662	54.925
Now	55.188	55.451
as	55.714	55.977
I	56.240	56.560
was	56.560	56.640
saying	60.160	60.160
Oh	60.240	61.200
boy	61.200	61.440
Robo	61.440	61.600
out	63.520	63.552
Please	63.584	63.616
stop	63.648	63.680
hitting	63.840	64.080
me	64.320	64.560
with	64.800	65.040
my	65.120	65.200
own	65.280	65.360
arm	65.440	65.440
Panther	65.840	66.160
don't	66.160	66.160
you	67.360	67.780
remember	68.200	68.620
your	69.040	69.200
purpose	69.200	69.200
You	69.760	69.760
mean	69.920	70.080
besides	70.080	70.640
kicking	70.640	70.880
your	70.880	70.960
shiny	70.960	71.280
butt	71.280	71.600
This	71.760	72.080
is	72.080	72.160
all	72.160	72.320
a	72.320	72.400
misunderstanding	72.400	73.360
I'm	73.440	73.760
Beastbot	73.760	74.320
head	74.400	74.640
of	74.640	74.720
lab	74.720	74.960
security	74.960	75.600
Sorry	75.680	75.920
about	75.920	76.160
the	76.160	76.240
arm	76.240	76.480
Keep	76.480	77.040
it	77.040	77.040
I	77.120	77.280
always	77.280	77.600
carry	77.760	78.080
a	78.080	78.160
spare	78.160	78.480
Something's	80.320	80.880
coming	80.960	81.200
Uh	81.360	81.920
oh	81.920	81.920
Oh	81.920	81.920
it's	83.200	85.280
banana	85.280	85.920
We	86.240	86.320
saved	86.320	86.480
Jimmy	86.560	86.800
or	86.800	86.880
what	86.880	87.120
Just	87.200	87.280
let	87.280	87.600
me	87.600	87.760
power	87.760	88.000
up	88.000	88.000
real	88.000	88.160
quick	88.160	88.320
Pandemonium	88.320	89.680
particles	89.760	90.240
Nope	90.640	90.640
Last	90.640	90.880
time	90.880	91.040
you	91.040	91.120
had	91.120	91.280
those	91.280	91.520
you	91.520	91.600
destroyed	91.600	92.080
half	92.080	92.400
the	92.400	92.480
lab	92.480	92.880
Now	92.960	93.120
what	93.120	93.200
do	93.360	93.440
you	93.440	93.520
mean	93.520	93.920
save	93.920	94.400
Jimmy	94.400	94.800
That's	94.880	95.120
what	95.120	95.200
I've	95.200	95.360
been	95.360	95.440
trying	95.440	95.760
to	95.760	95.760
tell	95.760	96.080
you	96.080	96.400
Some	96.480	96.720
kind	96.720	96.880
of	96.880	96.960
monsters	96.960	97.520
took	97.520	97.760
him	97.760	97.920
Oh	98.320	98.400
no	98.400	98.800
that	99.280	99.440
must	99.440	99.760
mean	99.760	100.080
the	100.480	100.480
lab's	100.640	100.960
been	101.040	101.200
infiltrated	101.200	101.920
by	101.920	102.080
the	102.080	102.160
Shroud	102.160	102.720
The	102.720	103.120
Shroud	103.120	103.680
Oh	103.760	104.160
that	104.400	104.480
upgrade	104.480	104.800
must	104.800	105.040
have	105.040	105.120
really	105.120	105.360
fried	105.360	105.600
the	105.600	105.680
big	105.680	105.840
guy's	105.840	106.080
memory	106.080	106.400
Probably	106.480	107.040
because	107.040	107.280
someone	107.280	107.840
released	107.840	108.320
him	108.320	108.480
before	108.480	108.800
it	108.800	108.880
was	108.880	109.040
complete	109.040	109.440
My	112.560	112.800
bad	112.800	113.040
When	113.200	113.360
Jimmy	113.360	113.680
and	113.680	113.840
his	113.840	114.000
friends	114.000	114.480
unleashed	114.480	115.040
the	115.040	115.120
power	115.120	115.520
of	115.520	115.600
pandemonium	115.600	116.320
particles	116.320	116.880
the	117.040	117.120
Shroud	117.120	117.600
invaded	117.600	118.080
They'll	118.320	118.480
destroy	118.480	118.800
the	118.800	118.880
whole	118.880	119.040
world	119.040	119.360
just	119.360	119.600
to	119.600	119.600
get	119.600	119.760
the	119.760	119.840
P	119.840	120.000
P	120.000	120.320
Please	120.480	120.800
don't	120.800	120.960
call	120.960	121.120
it	121.120	121.200
that	121.280	121.440
P	121.520	121.680
P	121.680	121.920
Jimmy	122.320	122.560
uses	122.560	122.960
the	122.960	123.040
pandemonium	123.040	123.760
particles	123.760	124.320
to	124.320	124.400
create	124.400	124.720
experiments	124.720	125.360
like	125.360	125.600
you	125.600	125.840
and	126.160	126.560
banana	126.560	126.960
Why'd	127.280	127.360
you	127.360	127.360
say	127.440	127.680
banana	127.680	128.080
like	128.080	128.160
that	128.160	128.320
I	128.640	128.720
heard	128.720	128.880
a	128.880	128.880
tone	128.880	129.360
So	129.600	129.840
why	129.840	130.080
take	130.080	130.320
Jimmy	130.320	130.800
He's	130.880	131.120
the	131.120	131.200
only	131.200	131.360
one	131.360	131.520
that	131.520	131.600
knows	131.600	131.760
how	131.760	131.920
to	131.920	131.920
make	131.920	132.080
the	132.080	132.160
pink	132.160	132.480
stuff	132.480	132.720
How	132.720	133.200
Come	133.600	133.760
on	133.760	133.760
They're	134.240	134.320
probably	134.320	134.640
mashing	134.640	135.120
him	135.120	135.200
as	135.200	135.360
we	135.360	135.440
speak	135.440	136.000
If	136.080	136.160
the	136.160	136.240
talking	136.240	136.640
banana's	136.640	137.200
right	137.200	137.520
we	137.840	137.920
gotta	137.920	138.240
get	138.240	138.400
moving	138.400	138.880
They've	139.200	139.280
clearly	139.280	139.760
figured	139.760	140.000
out	140.000	140.240
a	140.240	140.320
way	140.320	140.480
to	140.560	140.640
evade	140.640	140.880
our	140.880	140.960
security	140.960	141.520
system	141.520	141.920
We	142.080	142.240
can't	142.240	142.560
track	142.720	143.040
them	143.040	143.280
He	143.440	143.520
could	143.520	143.680
be	143.680	143.840
anywhere	143.840	144.240
down	144.240	144.560
there	144.560	144.640
and	144.720	144.960
your	144.960	145.120
upgraded	145.120	145.680
powers	145.680	146.000
haven't	146.000	146.320
activated	146.320	146.960
yet	146.960	147.200
You're	147.440	147.600
no	147.680	147.920
match	147.920	148.320
for	148.320	148.400
the	148.400	148.480
Shroud	148.480	148.960
Oh	149.200	149.440
little	149.520	149.680
Miss	149.680	149.760
Sunshine	149.840	150.240
over	150.240	150.320
here	150.320	150.560
Banana	151.840	152.240
blaster	152.240	152.720
We	153.600	153.680
have	153.680	153.760
no	153.760	154.000
idea	154.000	154.400
where	154.400	154.560
Jimmy	154.560	154.880
is	154.880	155.120
or	155.280	155.440
how	155.440	155.600
many	155.600	155.840
Shroud	155.840	156.240
have	156.240	156.240
made	156.320	156.560
it	156.560	156.640
down	156.640	156.880
there	156.880	156.960
I'll	156.960	157.520
keep	157.520	157.760
each	157.840	158.080
level	158.080	158.400
sealed	158.400	158.800
until	158.800	159.040
you	159.040	159.200
clear	159.360	159.520
it	159.520	159.520
Okay	160.800	160.960
Panther	160.960	161.280
Here's	161.280	161.440
the	161.440	161.520
plan	161.520	161.760
You	162.000	162.160
Yeah	163.200	163.360
you're	163.520	163.600
in	163.600	163.680
charge	163.680	163.840
Buckle	164.080	164.400
up	164.400	164.560
banana	164.640	165.280
Oh	165.440	165.680
yeah	165.760	166.160
We're	167.040	167.200
gonna	167.200	167.360
save	167.360	167.760
Jimmy	167.920	168.400
Banana	168.480	168.720
blaster	168.880	168.960
Good	169.200	170.560
luck	170.560	170.720
Panther	170.880	171.040
You're	171.760	171.840
going	171.840	172.080
to	172.080	172.080
need	172.240	172.320
all	172.320	172.480
the	172.640	172.720
help	172.720	173.120
you	173.120	173.120
can	173.120	173.360
get	173.360	173.520
Banana	174.000	174.400
blaster	174.400	174.400
